{
  "EMISSION_ALPHABET": [
    "1",
    "2",
    "3",
    "4",
    "5",
    "6"
  ],
  "F1": {
    "FIX_EM": null,
    "LINK": [
      "F2"
    ],
    "EM_LIST": [
      "1",
      "2",
      "3",
      "4",
      "5",
      "6"
    ],
    "ENDSTATE": 1,
    "TRANS": [
      1
    ],
    "FIX_TR": null,
    "EMISSION": ["uniform"
    ],
    "LABEL": "F"
  },
  "begin": {
    "FIX_EM": null,
    "LINK": [
      "L1",
      "F1"
    ],
    "EM_LIST": [],
    "ENDSTATE": 0,
    "TRANS": [
      0.2,
      0.8
    ],
    "FIX_TR": null,
    "EMISSION": ["None"],
    "LABEL": "None"
  },
  "F3": {
    "FIX_EM": null,
    "LINK": ["L1", "F1"],
    "TRANS": [0.0672312819169, 0.932768718083],
    "EM_LIST": [
      "1",
      "2",
      "3",
      "4",
      "5",
      "6"
    ],
    "ENDSTATE": 1,
    "FIX_TR": null,
    "EMISSION": [
      0.170949442487,
      0.171713784813,
      0.166130808025,
      0.173883380678,
      0.163482088496,
      0.153840495502
    ],
    "LABEL": "F"
  },
  "F2": {
    "FIX_EM": null,
    "LINK": [
      "F2",
      "F3"
    ],
    "EM_LIST": [
      "1",
      "2",
      "3",
      "4",
      "5",
      "6"
    ],
    "ENDSTATE": 1,
    "TRANS": [
      0.579186820276,
      0.420813179724
    ],
    "FIX_TR": null,
    "EMISSION": [
      0.171321777494,
      0.16809924184,
      0.160007126372,
      0.170515634817,
      0.166303764978,
      0.163752454498
    ],
    "LABEL": "F"
  },
  "L2": {
    "FIX_EM": null,
    "LINK": [
      "L3"
    ],
    "EM_LIST": [
      "1",
      "2",
      "3",
      "4",
      "5",
      "6"
    ],
    "ENDSTATE": 1,
    "TRANS": [
      1
    ],
    "FIX_TR": null,
    "EMISSION": [
      0.51394916305,
      0.0948543087415,
      0.093614383137,
      0.101053936764,
      0.0991940483571,
      0.0973341599504
    ],
    "LABEL": "L"
  },
  "L3": {
    "FIX_EM": null,
    "LINK": [
      "L1",
      "F1"
    ],
    "EM_LIST": [
      "1",
      "2",
      "3",
      "4",
      "5",
      "6"
    ],
    "ENDSTATE": 1,
    "TRANS": [
      0.908067542214,
      0.0919324577861
    ],
    "FIX_TR": null,
    "EMISSION": [
      0.497199751089,
      0.0927193528314,
      0.0896079651525,
      0.115121344119,
      0.096453018046,
      0.108898568762
    ],
    "LABEL": "L"
  },
  "TRANSITION_ALPHABET": [
    "begin",
    "L1",
    "L2",
    "L3",
    "F1",
    "F2",
    "F3"
  ],
  "L1": {
    "FIX_EM": null,
    "LINK": [
      "L2"
    ],
    "EM_LIST": [
      "1",
      "2",
      "3",
      "4",
      "5",
      "6"
    ],
    "ENDSTATE": 1,
    "TRANS": [
      1
    ],
    "FIX_TR": null,
    "EMISSION": [
      0.492888064317,
      0.106988249845,
      0.111935683364,
      0.102659245516,
      0.0890538033395,
      0.0964749536178
    ],
    "LABEL": "L"
  }
}